a,b
band-seed6002140-20260729-163858-874.tifxyz,band-seed6545322-20260729-192321-831.tifxyz
band-seed1318989-20260729-172224-410.tifxyz,band-seed13746398-20260729-174542-438.tifxyz
band-seed1051761-20260730-000122-603.tifxyz,band-seed677298-20260730-003525-135.tifxyz
band-seed7776006-20260729-162933-847.tifxyz,band-seed7922460-20260729-231941-049.tifxyz
band-seed1052737-20260729-223143-824.tifxyz,band-seed14374274-20260729-171803-714.tifxyz
band-seed13693211-20260729-190540-901.tifxyz,band-seed16544959-20260729-185618-060.tifxyz
band-seed15470433-20260730-001526-523.tifxyz,band-seed667349-20260730-000538-087.tifxyz
band-seed18907946-20260729-210235-414.tifxyz,band-seed2503807-20260729-160026-589.tifxyz
band-seed11857351-20260729-234729-101.tifxyz,band-seed1887882-20260729-232533-499.tifxyz
band-seed18425655-20260729-163612-388.tifxyz,band-seed895548-20260729-224624-256.tifxyz
band-seed15210499-20260730-002637-918.tifxyz,band-seed16628856-20260729-161144-302.tifxyz
band-seed16666800-20260729-160427-816.tifxyz,band-seed3240034-20260729-164334-716.tifxyz
band-seed4045208-20260729-214339-856.tifxyz,band-seed4058254-20260729-161956-090.tifxyz
band-seed16250135-20260729-233415-234.tifxyz,band-seed8835253-20260729-175450-105.tifxyz
band-seed7967701-20260729-221925-391.tifxyz,band-seed7994978-20260729-175247-097.tifxyz
band-seed11905838-20260729-184345-047.tifxyz,band-seed7193571-20260729-152713-834.tifxyz
band-seed16491289-20260729-181940-788.tifxyz,band-seed16511385-20260729-175023-014.tifxyz
band-seed3657449-20260729-173858-784.tifxyz,band-seed3847457-20260729-164937-179.tifxyz
band-seed8059018-20260729-181951-846.tifxyz,band-seed8318347-20260729-221337-057.tifxyz
band-seed12727900-20260729-233643-565.tifxyz,band-seed12948604-20260729-165404-786.tifxyz
band-seed3429977-20260729-232941-531.tifxyz,band-seed3436458-20260729-174243-648.tifxyz
band-seed851939-20260729-182726-981.tifxyz,band-seed979332-20260729-174500-961.tifxyz
band-seed16772619-20260729-165323-323.tifxyz,band-seed3190723-20260729-201849-928.tifxyz
band-seed3696920-20260729-194336-847.tifxyz,band-seed4231138-20260729-171244-739.tifxyz
band-seed2348305-20260729-221831-880.tifxyz,band-seed2349210-20260729-171017-086.tifxyz
band-seed3677057-20260730-002705-715.tifxyz,band-seed3724351-20260729-171205-726.tifxyz
band-seed2514754-20260729-222743-523.tifxyz,band-seed2648453-20260729-221723-598.tifxyz
band-seed16280684-20260729-163608-335.tifxyz,band-seed650026-20260729-180334-624.tifxyz
band-seed12048013-20260729-235543-254.tifxyz,band-seed3120339-20260729-174717-852.tifxyz
band-seed19375625-20260729-215455-888.tifxyz,band-seed4024483-20260729-161344-106.tifxyz
band-seed16880787-20260729-163543-628.tifxyz,band-seed9303563-20260729-231202-747.tifxyz
band-seed2680283-20260729-164652-708.tifxyz,band-seed3041386-20260729-235944-891.tifxyz
band-seed3792634-20260729-162811-579.tifxyz,band-seed9078439-20260729-181222-857.tifxyz
band-seed13020261-20260729-231335-866.tifxyz,band-seed6700969-20260730-000137-368.tifxyz
band-seed6043582-20260729-233521-028.tifxyz,band-seed6753903-20260729-203354-321.tifxyz
band-seed19611411-20260729-160755-920.tifxyz,band-seed3549925-20260729-172344-697.tifxyz
band-seed6941401-20260729-160119-940.tifxyz,band-seed7189038-20260729-161241-831.tifxyz
band-seed10931912-20260729-164111-169.tifxyz,band-seed12054033-20260730-002254-708.tifxyz
band-seed264351-20260729-173316-986.tifxyz,band-seed958864-20260729-164951-720.tifxyz
band-seed6806612-20260729-170501-635.tifxyz,band-seed7047401-20260729-181132-051.tifxyz
band-seed18499097-20260729-182909-196.tifxyz,band-seed3185718-20260730-004411-164.tifxyz
band-seed14362314-20260729-222804-633.tifxyz,band-seed1716072-20260729-232519-457.tifxyz
band-seed3721341-20260729-160835-235.tifxyz,band-seed3817700-20260729-162933-113.tifxyz
band-seed18886636-20260729-160024-851.tifxyz,band-seed9599058-20260729-161141-706.tifxyz
band-seed3597880-20260729-165949-121.tifxyz,band-seed8875430-20260729-204248-258.tifxyz
band-seed5561079-20260729-235016-567.tifxyz,band-seed6283161-20260729-225209-968.tifxyz
band-seed18293772-20260729-225317-613.tifxyz,band-seed931848-20260730-001523-233.tifxyz
band-seed1511133-20260729-172004-932.tifxyz,band-seed2253183-20260729-172630-659.tifxyz
band-seed15678551-20260729-165235-997.tifxyz,band-seed2445020-20260730-002020-596.tifxyz
band-seed19085068-20260729-232443-594.tifxyz,band-seed3852123-20260729-171224-335.tifxyz
band-seed8028286-20260730-001322-531.tifxyz,band-seed9592765-20260729-212407-720.tifxyz
band-seed1335105-20260729-231028-533.tifxyz,band-seed1705054-20260729-233029-374.tifxyz
band-seed11458983-20260729-175359-862.tifxyz,band-seed4206027-20260729-171150-142.tifxyz
band-seed18323375-20260729-170510-506.tifxyz,band-seed7411084-20260729-234831-511.tifxyz
band-seed16467267-20260729-170215-775.tifxyz,band-seed400038-20260729-172555-221.tifxyz
band-seed1611234-20260729-181250-968.tifxyz,band-seed2112177-20260729-160008-535.tifxyz
band-seed202282-20260729-174430-658.tifxyz,band-seed433084-20260729-172019-678.tifxyz
band-seed3310303-20260729-171948-914.tifxyz,band-seed3419291-20260729-183043-276.tifxyz
band-seed13838260-20260729-173223-218.tifxyz,band-seed17685902-20260729-174824-606.tifxyz
band-seed10829070-20260729-221809-200.tifxyz,band-seed6674496-20260729-204947-756.tifxyz
band-seed13770291-20260729-165943-409.tifxyz,band-seed18106814-20260729-172904-742.tifxyz
band-seed3995144-20260729-175256-863.tifxyz,band-seed4060201-20260729-172105-093.tifxyz
band-seed3358620-20260729-225634-760.tifxyz,band-seed3984254-20260729-183457-398.tifxyz
band-seed11582856-20260729-164523-827.tifxyz,band-seed2006748-20260730-001514-811.tifxyz
band-seed18607929-20260729-224043-758.tifxyz,band-seed19132547-20260729-170457-820.tifxyz
band-seed17009055-20260729-162417-088.tifxyz,band-seed2894923-20260729-161925-277.tifxyz
band-seed16598303-20260729-160953-265.tifxyz,band-seed3293032-20260729-184701-695.tifxyz
band-seed17467591-20260729-165104-200.tifxyz,band-seed17677090-20260729-191007-962.tifxyz
band-seed18546596-20260729-164811-274.tifxyz,band-seed4168983-20260729-175710-702.tifxyz
band-seed3273666-20260729-155908-785.tifxyz,band-seed3296329-20260729-222411-863.tifxyz
band-seed17436191-20260729-234349-655.tifxyz,band-seed17850502-20260729-214441-763.tifxyz
band-seed15995400-20260729-224019-241.tifxyz,band-seed17827176-20260729-181705-299.tifxyz
band-seed17883355-20260729-173540-740.tifxyz,band-seed3025829-20260729-160158-651.tifxyz
band-seed11742604-20260729-161303-608.tifxyz,band-seed12593219-20260729-175514-040.tifxyz
band-seed6696576-20260729-162746-922.tifxyz,band-seed6987638-20260729-160101-734.tifxyz
band-seed16306562-20260729-180245-531.tifxyz,band-seed2044246-20260729-163752-690.tifxyz
band-seed51715-20260729-194134-298.tifxyz,band-seed8497700-20260729-224402-356.tifxyz
band-seed10507516-20260729-163139-884.tifxyz,band-seed2143651-20260730-001804-430.tifxyz
band-seed18776473-20260729-181415-697.tifxyz,band-seed2532618-20260729-221843-257.tifxyz
band-seed2100740-20260729-164245-615.tifxyz,band-seed913366-20260729-162338-124.tifxyz
band-seed269917-20260729-230158-816.tifxyz,band-seed357712-20260729-183259-088.tifxyz
band-seed3564894-20260729-165424-293.tifxyz,band-seed3755456-20260729-191804-999.tifxyz
band-seed5563457-20260729-174321-018.tifxyz,band-seed6189566-20260729-160228-881.tifxyz
band-seed18587711-20260729-234340-430.tifxyz,band-seed3535624-20260729-193036-760.tifxyz
band-seed15925901-20260729-184329-380.tifxyz,band-seed7428298-20260729-174848-142.tifxyz
band-seed2134465-20260729-175551-003.tifxyz,band-seed2286235-20260729-170025-459.tifxyz
band-seed3209139-20260729-224212-674.tifxyz,band-seed3718697-20260729-221625-003.tifxyz
band-seed18060586-20260729-204742-632.tifxyz,band-seed18990531-20260730-001459-521.tifxyz
band-seed8759053-20260729-162146-882.tifxyz,band-seed8792333-20260729-173801-561.tifxyz
band-seed3653282-20260729-163117-318.tifxyz,band-seed4127073-20260729-225646-962.tifxyz
band-seed116127-20260729-221438-756.tifxyz,band-seed16406940-20260729-182615-246.tifxyz
band-seed13381993-20260729-234917-127.tifxyz,band-seed14169903-20260729-222804-000.tifxyz
band-seed1171738-20260729-210013-343.tifxyz,band-seed2295010-20260730-002258-191.tifxyz
band-seed16717764-20260729-214141-112.tifxyz,band-seed5408112-20260729-205859-769.tifxyz
band-seed15702943-20260729-225002-669.tifxyz,band-seed3786482-20260729-173320-820.tifxyz
band-seed1735000-20260729-164707-202.tifxyz,band-seed8613601-20260729-192059-915.tifxyz
band-seed1119937-20260729-183248-239.tifxyz,band-seed1259131-20260729-191717-856.tifxyz
band-seed18896946-20260729-162929-476.tifxyz,band-seed2797305-20260729-213215-122.tifxyz
band-seed1066535-20260729-173925-947.tifxyz,band-seed1136071-20260729-230327-122.tifxyz
band-seed1283728-20260729-225122-034.tifxyz,band-seed885182-20260729-221224-005.tifxyz
band-seed12306276-20260729-204827-199.tifxyz,band-seed6065172-20260729-232307-824.tifxyz
band-seed18648736-20260729-174943-809.tifxyz,band-seed19034412-20260729-215646-487.tifxyz
band-seed1988391-20260729-231931-228.tifxyz,band-seed2297276-20260729-164749-561.tifxyz
band-seed15391058-20260730-002804-634.tifxyz,band-seed15444007-20260729-214108-793.tifxyz
band-seed3574485-20260729-235254-701.tifxyz,band-seed3773126-20260729-174415-713.tifxyz
band-seed1513361-20260729-181643-385.tifxyz,band-seed2158716-20260729-163424-049.tifxyz
band-seed14702182-20260729-184443-458.tifxyz,band-seed14816694-20260729-164546-834.tifxyz
band-seed2164564-20260729-184416-373.tifxyz,band-seed2919397-20260729-170253-586.tifxyz
band-seed18047253-20260729-212250-696.tifxyz,band-seed3793596-20260729-164904-290.tifxyz
band-seed7732723-20260729-175154-809.tifxyz,band-seed7935592-20260729-181613-042.tifxyz
band-seed10551544-20260729-183839-446.tifxyz,band-seed19624151-20260729-160817-903.tifxyz
band-seed17647927-20260729-165714-510.tifxyz,band-seed3525880-20260729-163033-190.tifxyz
band-seed17064710-20260729-183128-566.tifxyz,band-seed2877752-20260729-180928-167.tifxyz
band-seed2416768-20260729-180527-039.tifxyz,band-seed2476898-20260729-232424-058.tifxyz
band-seed2725124-20260730-004607-441.tifxyz,band-seed2820260-20260729-223553-702.tifxyz
band-seed11117287-20260729-162207-613.tifxyz,band-seed2567933-20260729-225556-300.tifxyz
band-seed7929494-20260729-163135-753.tifxyz,band-seed8183447-20260729-172409-789.tifxyz
band-seed10317902-20260729-200205-035.tifxyz,band-seed3114162-20260729-162901-982.tifxyz
band-seed11958221-20260729-234907-902.tifxyz,band-seed19385178-20260729-223455-889.tifxyz
band-seed15949796-20260729-173058-846.tifxyz,band-seed17026059-20260729-163409-399.tifxyz
band-seed3633621-20260729-163949-887.tifxyz,band-seed3660015-20260729-160352-693.tifxyz
band-seed12515043-20260730-004526-930.tifxyz,band-seed18028527-20260729-211532-917.tifxyz
band-seed3218636-20260729-174723-314.tifxyz,band-seed3861819-20260729-164153-894.tifxyz
band-seed16216990-20260729-173448-268.tifxyz,band-seed6637381-20260729-222611-406.tifxyz
band-seed12153295-20260730-000532-878.tifxyz,band-seed3932485-20260729-184613-921.tifxyz
band-seed1141859-20260729-215349-171.tifxyz,band-seed16227221-20260729-230253-913.tifxyz
band-seed13513773-20260729-195229-386.tifxyz,band-seed7087592-20260729-160033-341.tifxyz
band-seed3107379-20260729-231846-877.tifxyz,band-seed3219322-20260729-160710-728.tifxyz
band-seed11412543-20260730-001909-862.tifxyz,band-seed4146058-20260730-003114-350.tifxyz
band-seed15436551-20260729-162332-661.tifxyz,band-seed2965418-20260729-185135-030.tifxyz
band-seed1346174-20260729-233459-398.tifxyz,band-seed1492540-20260729-161433-216.tifxyz
band-seed10258511-20260729-180826-212.tifxyz,band-seed6268853-20260729-192700-734.tifxyz
band-seed3067706-20260729-234544-146.tifxyz,band-seed3459510-20260729-162141-045.tifxyz
band-seed11104453-20260729-161540-350.tifxyz,band-seed18864369-20260729-203928-880.tifxyz
band-seed12705851-20260730-003900-581.tifxyz,band-seed2085090-20260729-170647-761.tifxyz
band-seed19462511-20260729-215158-287.tifxyz,band-seed3194187-20260729-163850-233.tifxyz
band-seed11940676-20260729-210520-188.tifxyz,band-seed12733725-20260729-181703-828.tifxyz
band-seed3440356-20260729-163751-721.tifxyz,band-seed3790071-20260729-161655-424.tifxyz
band-seed2720574-20260730-001521-245.tifxyz,band-seed2955744-20260729-165857-823.tifxyz
band-seed1685911-20260729-160809-836.tifxyz,band-seed19499045-20260729-174011-625.tifxyz
band-seed3463290-20260729-180029-451.tifxyz,band-seed3527158-20260730-001831-885.tifxyz
band-seed16620267-20260729-161604-935.tifxyz,band-seed3633091-20260729-164304-818.tifxyz
band-seed13017065-20260729-204817-381.tifxyz,band-seed3794479-20260729-164710-997.tifxyz
band-seed11690564-20260729-205751-170.tifxyz,band-seed3547415-20260729-184343-182.tifxyz
band-seed1365780-20260729-225351-997.tifxyz,band-seed2290148-20260729-180846-096.tifxyz
band-seed15477724-20260729-174408-179.tifxyz,band-seed2630332-20260729-160800-808.tifxyz
band-seed1993301-20260729-172738-238.tifxyz,band-seed2325988-20260729-225542-350.tifxyz
band-seed16135604-20260729-162320-136.tifxyz,band-seed16665860-20260729-160107-442.tifxyz
band-seed11449088-20260729-165038-342.tifxyz,band-seed2813824-20260730-003837-080.tifxyz
band-seed2254610-20260729-212744-030.tifxyz,band-seed2828234-20260729-233655-902.tifxyz
band-seed18836411-20260730-001642-564.tifxyz,band-seed2723940-20260729-171913-738.tifxyz
band-seed7797666-20260729-232750-031.tifxyz,band-seed8074130-20260729-160856-781.tifxyz
band-seed2098550-20260730-001245-922.tifxyz,band-seed3153696-20260729-212532-644.tifxyz
band-seed11140817-20260729-174712-281.tifxyz,band-seed3978783-20260729-164954-862.tifxyz
band-seed3304896-20260729-163545-846.tifxyz,band-seed3493489-20260729-173228-622.tifxyz
band-seed11000617-20260729-192931-246.tifxyz,band-seed18071055-20260729-191025-947.tifxyz
band-seed15686551-20260730-002842-708.tifxyz,band-seed9103849-20260729-193257-553.tifxyz
band-seed18435048-20260729-181905-161.tifxyz,band-seed4212771-20260729-175317-759.tifxyz
band-seed11910897-20260729-174128-233.tifxyz,band-seed3596579-20260729-182339-743.tifxyz
band-seed10317902-20260729-200205-035.tifxyz,band-seed3424955-20260729-204635-836.tifxyz
band-seed17065082-20260729-212241-848.tifxyz,band-seed7944393-20260729-182459-549.tifxyz
band-seed100618-20260729-164838-903.tifxyz,band-seed8467344-20260730-002126-840.tifxyz
band-seed2556658-20260729-222812-274.tifxyz,band-seed2735566-20260729-224645-154.tifxyz
band-seed3843152-20260729-220752-527.tifxyz,band-seed4033472-20260729-173229-087.tifxyz
band-seed16667181-20260729-215806-814.tifxyz,band-seed2168626-20260729-215230-614.tifxyz
band-seed3685978-20260729-171108-838.tifxyz,band-seed3919167-20260729-235118-707.tifxyz
band-seed7400497-20260729-163211-710.tifxyz,band-seed7474409-20260729-210515-538.tifxyz
band-seed14847732-20260730-001509-899.tifxyz,band-seed15347781-20260729-195720-392.tifxyz
band-seed4616092-20260729-181816-305.tifxyz,band-seed5826497-20260729-182410-695.tifxyz
band-seed3139419-20260729-230259-977.tifxyz,band-seed3290270-20260729-163452-195.tifxyz
band-seed3539618-20260729-210254-971.tifxyz,band-seed8675122-20260729-194544-045.tifxyz
band-seed12694765-20260729-215509-165.tifxyz,band-seed2564598-20260729-181538-994.tifxyz
band-seed2877750-20260729-180456-281.tifxyz,band-seed3657493-20260729-172538-137.tifxyz
band-seed10877107-20260730-001323-681.tifxyz,band-seed9913005-20260729-191709-305.tifxyz
band-seed3646401-20260729-165242-205.tifxyz,band-seed3704926-20260729-233048-817.tifxyz
band-seed15970844-20260729-164313-126.tifxyz,band-seed3361308-20260729-165828-934.tifxyz
band-seed1738810-20260729-232359-895.tifxyz,band-seed1993104-20260729-175602-870.tifxyz
band-seed1494676-20260729-231039-224.tifxyz,band-seed1998293-20260729-183347-615.tifxyz
band-seed126891-20260729-171647-012.tifxyz,band-seed303160-20260729-175422-439.tifxyz
band-seed2574708-20260729-230202-956.tifxyz,band-seed2713249-20260729-182933-917.tifxyz
band-seed13226043-20260729-184629-606.tifxyz,band-seed2156823-20260729-230029-938.tifxyz
band-seed13601051-20260729-231103-394.tifxyz,band-seed19399974-20260729-202523-132.tifxyz
band-seed18207133-20260730-003621-626.tifxyz,band-seed18289419-20260729-165732-921.tifxyz
band-seed16495618-20260729-202730-282.tifxyz,band-seed6656343-20260729-163003-861.tifxyz
band-seed16629097-20260729-172225-137.tifxyz,band-seed3522104-20260729-182242-809.tifxyz
band-seed3702306-20260729-181030-961.tifxyz,band-seed3727236-20260729-172243-699.tifxyz
band-seed11928523-20260729-173305-182.tifxyz,band-seed2995262-20260729-223419-601.tifxyz
band-seed16774924-20260729-231432-816.tifxyz,band-seed17342245-20260729-155910-644.tifxyz
band-seed18658269-20260729-170621-692.tifxyz,band-seed18734599-20260729-165328-184.tifxyz
band-seed3910103-20260729-222235-707.tifxyz,band-seed3928029-20260729-174146-423.tifxyz
band-seed17562092-20260729-220141-857.tifxyz,band-seed3227285-20260729-183710-416.tifxyz
band-seed10297111-20260729-184415-100.tifxyz,band-seed15724844-20260729-162656-663.tifxyz
band-seed1660655-20260729-163132-389.tifxyz,band-seed1852637-20260729-160253-149.tifxyz
band-seed16551793-20260729-160346-200.tifxyz,band-seed3863738-20260729-224406-283.tifxyz
band-seed19086318-20260730-004243-653.tifxyz,band-seed3159422-20260729-170309-695.tifxyz
band-seed14981306-20260729-230433-257.tifxyz,band-seed8917382-20260729-175712-636.tifxyz
band-seed11611219-20260729-171636-802.tifxyz,band-seed3955874-20260729-230111-926.tifxyz
band-seed11466452-20260729-225445-608.tifxyz,band-seed11914170-20260729-212150-113.tifxyz
band-seed12381889-20260729-225220-457.tifxyz,band-seed12614298-20260730-003736-026.tifxyz
band-seed16031754-20260729-233751-476.tifxyz,band-seed3476341-20260729-164554-479.tifxyz
band-seed11880839-20260729-162253-154.tifxyz,band-seed17245896-20260729-161053-093.tifxyz
band-seed4652975-20260729-231753-418.tifxyz,band-seed4894133-20260729-160744-594.tifxyz
band-seed11117099-20260729-231649-247.tifxyz,band-seed3778023-20260729-155956-673.tifxyz
band-seed3510229-20260729-170150-548.tifxyz,band-seed3533204-20260729-174434-917.tifxyz
band-seed11277511-20260729-165855-714.tifxyz,band-seed3993866-20260729-164932-880.tifxyz
band-seed18620379-20260729-172507-516.tifxyz,band-seed6828005-20260729-164946-975.tifxyz
band-seed1935146-20260729-204840-844.tifxyz,band-seed1979834-20260729-195528-547.tifxyz
band-seed2153499-20260730-003025-014.tifxyz,band-seed2403656-20260729-200445-856.tifxyz
band-seed18116416-20260729-183212-411.tifxyz,band-seed3333610-20260729-173552-846.tifxyz
band-seed4204117-20260729-200035-360.tifxyz,band-seed4229708-20260729-152750-512.tifxyz
band-seed11886649-20260729-174041-937.tifxyz,band-seed3997168-20260729-172309-910.tifxyz
band-seed11627644-20260729-183301-202.tifxyz,band-seed11995032-20260729-230139-784.tifxyz
band-seed11469715-20260729-163322-732.tifxyz,band-seed2389294-20260729-164421-142.tifxyz
band-seed17711512-20260729-231212-142.tifxyz,band-seed729750-20260729-232730-696.tifxyz
band-seed19382842-20260729-212928-100.tifxyz,band-seed3651414-20260729-175444-348.tifxyz
band-seed18154280-20260729-235935-106.tifxyz,band-seed991772-20260729-160914-664.tifxyz
band-seed3218636-20260729-174723-314.tifxyz,band-seed4082464-20260729-180436-077.tifxyz
band-seed10798657-20260729-170606-006.tifxyz,band-seed11559377-20260729-174534-826.tifxyz
band-seed15101669-20260729-165115-231.tifxyz,band-seed5576118-20260729-161030-549.tifxyz
band-seed10093638-20260729-172248-396.tifxyz,band-seed7838813-20260729-184238-867.tifxyz
band-seed14383207-20260729-160743-855.tifxyz,band-seed604599-20260729-165157-640.tifxyz
band-seed17326303-20260729-170455-546.tifxyz,band-seed8713895-20260729-172238-687.tifxyz
band-seed3529834-20260729-181631-774.tifxyz,band-seed3928476-20260729-172213-273.tifxyz
band-seed15477921-20260729-184029-708.tifxyz,band-seed16189243-20260730-001141-831.tifxyz
band-seed10822558-20260729-171121-147.tifxyz,band-seed19514547-20260729-204309-617.tifxyz
band-seed1017332-20260729-172554-602.tifxyz,band-seed791512-20260730-000736-028.tifxyz
band-seed3742481-20260729-173940-036.tifxyz,band-seed3983298-20260729-155904-888.tifxyz
band-seed12589478-20260730-002106-328.tifxyz,band-seed12978285-20260729-225737-612.tifxyz
band-seed3882356-20260729-170449-650.tifxyz,band-seed4094091-20260729-183327-846.tifxyz
band-seed1121342-20260729-164248-916.tifxyz,band-seed1493744-20260729-224504-671.tifxyz
band-seed13358314-20260729-190803-967.tifxyz,band-seed3462637-20260729-164416-223.tifxyz
band-seed10250675-20260729-200123-639.tifxyz,band-seed3896903-20260729-182825-273.tifxyz
band-seed13347851-20260729-162057-662.tifxyz,band-seed3724091-20260729-165342-717.tifxyz
band-seed15522557-20260729-232247-113.tifxyz,band-seed16756671-20260730-000743-044.tifxyz
band-seed18602044-20260729-171154-720.tifxyz,band-seed2054002-20260729-161840-720.tifxyz
band-seed16668854-20260729-211435-149.tifxyz,band-seed3991093-20260729-163036-339.tifxyz
band-seed3504935-20260729-172609-534.tifxyz,band-seed3561217-20260729-160624-567.tifxyz
band-seed18110707-20260729-171745-944.tifxyz,band-seed19411125-20260729-162159-344.tifxyz
band-seed5089642-20260729-205306-495.tifxyz,band-seed5369480-20260729-233915-073.tifxyz
band-seed3879812-20260729-182343-887.tifxyz,band-seed3940843-20260729-205317-651.tifxyz
band-seed16102174-20260729-165124-625.tifxyz,band-seed17978972-20260729-184333-526.tifxyz
band-seed2952823-20260729-171030-980.tifxyz,band-seed3205190-20260729-225807-845.tifxyz
band-seed2221605-20260729-193230-439.tifxyz,band-seed2367827-20260729-204945-303.tifxyz
band-seed1181694-20260729-171719-365.tifxyz,band-seed386750-20260729-225646-870.tifxyz
band-seed13381993-20260729-234917-127.tifxyz,band-seed1885089-20260729-165752-061.tifxyz
band-seed2966281-20260729-152727-147.tifxyz,band-seed3106702-20260729-230905-590.tifxyz
band-seed6188465-20260729-175716-749.tifxyz,band-seed6932892-20260729-161338-152.tifxyz
band-seed1761511-20260729-182046-375.tifxyz,band-seed1961261-20260729-223920-467.tifxyz
band-seed3379609-20260729-234040-068.tifxyz,band-seed9476379-20260729-193400-575.tifxyz
band-seed11999734-20260729-235639-993.tifxyz,band-seed6244350-20260729-184308-451.tifxyz
band-seed10053275-20260729-195842-441.tifxyz,band-seed4108528-20260729-221743-879.tifxyz
band-seed12547574-20260729-222855-145.tifxyz,band-seed5815361-20260729-165458-619.tifxyz
band-seed1294738-20260729-161549-903.tifxyz,band-seed1779339-20260729-172526-101.tifxyz
band-seed15435120-20260729-171136-552.tifxyz,band-seed9669657-20260730-001759-393.tifxyz
band-seed15029798-20260729-225034-384.tifxyz,band-seed8294511-20260729-175716-704.tifxyz
band-seed1144301-20260729-225301-102.tifxyz,band-seed15763112-20260729-174836-178.tifxyz
band-seed1122157-20260729-191818-240.tifxyz,band-seed1367467-20260729-222844-920.tifxyz
band-seed3056811-20260729-185959-250.tifxyz,band-seed3179971-20260729-183051-509.tifxyz
band-seed626224-20260730-000002-428.tifxyz,band-seed953907-20260729-225400-273.tifxyz
band-seed3750477-20260729-171822-143.tifxyz,band-seed4131384-20260729-160616-088.tifxyz
band-seed13201607-20260729-181821-795.tifxyz,band-seed2009919-20260729-180733-319.tifxyz
band-seed18043130-20260729-165548-854.tifxyz,band-seed3998083-20260730-002357-139.tifxyz
band-seed7484087-20260729-195951-996.tifxyz,band-seed7696566-20260729-184238-264.tifxyz
band-seed3775786-20260729-174520-432.tifxyz,band-seed3819366-20260729-162942-976.tifxyz
band-seed1825839-20260729-234425-231.tifxyz,band-seed2106955-20260729-194726-655.tifxyz
band-seed12276197-20260729-210316-864.tifxyz,band-seed3860914-20260729-182249-278.tifxyz
band-seed3421579-20260729-172403-949.tifxyz,band-seed3484058-20260729-231017-192.tifxyz
band-seed15830367-20260729-182513-994.tifxyz,band-seed16184459-20260729-172449-622.tifxyz
band-seed3349644-20260730-004306-757.tifxyz,band-seed3685415-20260729-225749-172.tifxyz
band-seed17838141-20260729-161001-585.tifxyz,band-seed3169424-20260729-182312-924.tifxyz
band-seed17628847-20260729-192405-205.tifxyz,band-seed2091282-20260729-232950-491.tifxyz
band-seed3160605-20260729-181255-795.tifxyz,band-seed3218253-20260729-230841-307.tifxyz
band-seed3484011-20260729-232608-732.tifxyz,band-seed8784974-20260729-164308-237.tifxyz
band-seed3855383-20260729-162647-363.tifxyz,band-seed4102069-20260729-214837-303.tifxyz
band-seed16970685-20260729-233325-664.tifxyz,band-seed3496154-20260729-230742-280.tifxyz
band-seed17224697-20260729-165903-423.tifxyz,band-seed17919882-20260729-162314-610.tifxyz
band-seed1778081-20260729-234917-843.tifxyz,band-seed2155876-20260729-163214-266.tifxyz
band-seed19426511-20260729-181731-148.tifxyz,band-seed3997544-20260729-233329-789.tifxyz
band-seed12079495-20260729-160818-734.tifxyz,band-seed13513492-20260729-202138-050.tifxyz
band-seed17869282-20260729-160956-737.tifxyz,band-seed18951480-20260729-165712-482.tifxyz
band-seed3232975-20260729-222019-590.tifxyz,band-seed3796362-20260729-170407-487.tifxyz
band-seed11454999-20260729-234844-865.tifxyz,band-seed11794129-20260729-202949-425.tifxyz
band-seed12153881-20260729-202204-707.tifxyz,band-seed1939602-20260730-001014-426.tifxyz
band-seed6838056-20260730-001739-486.tifxyz,band-seed7370817-20260729-180040-564.tifxyz
band-seed15186585-20260730-000113-490.tifxyz,band-seed1889342-20260729-184241-436.tifxyz
band-seed1407001-20260729-222158-379.tifxyz,band-seed644429-20260729-223800-423.tifxyz
band-seed6760559-20260729-205110-925.tifxyz,band-seed6790765-20260729-175831-336.tifxyz
band-seed11142287-20260729-165235-074.tifxyz,band-seed11816085-20260729-204245-115.tifxyz
band-seed3048897-20260729-171929-309.tifxyz,band-seed3063997-20260729-232151-775.tifxyz
band-seed16249874-20260729-180059-972.tifxyz,band-seed911327-20260729-163630-084.tifxyz
band-seed7987946-20260729-224700-187.tifxyz,band-seed8079476-20260729-173311-961.tifxyz
band-seed10541959-20260729-180208-821.tifxyz,band-seed15568361-20260729-172347-419.tifxyz
band-seed3424949-20260729-174733-295.tifxyz,band-seed3823914-20260729-180410-909.tifxyz
band-seed3764465-20260729-210310-086.tifxyz,band-seed8874298-20260729-190532-215.tifxyz
band-seed2223482-20260729-182700-568.tifxyz,band-seed2285333-20260729-182127-968.tifxyz
band-seed18501155-20260729-231307-916.tifxyz,band-seed19548186-20260729-171643-804.tifxyz
band-seed4792703-20260729-230550-896.tifxyz,band-seed4874374-20260729-171908-735.tifxyz
band-seed7493302-20260730-001443-646.tifxyz,band-seed7735592-20260730-002106-811.tifxyz
band-seed12339413-20260729-222232-572.tifxyz,band-seed6374235-20260729-184204-311.tifxyz
band-seed17978386-20260729-152656-146.tifxyz,band-seed4124940-20260729-210445-518.tifxyz
band-seed2547921-20260729-234758-737.tifxyz,band-seed2686638-20260729-152758-992.tifxyz
band-seed4949520-20260730-001606-492.tifxyz,band-seed6316465-20260730-001033-533.tifxyz
band-seed139810-20260729-233430-644.tifxyz,band-seed8028286-20260730-001322-531.tifxyz
band-seed3102088-20260729-182648-636.tifxyz,band-seed3894273-20260729-160731-467.tifxyz
band-seed2388827-20260729-232639-922.tifxyz,band-seed3294164-20260730-000042-802.tifxyz
band-seed11283414-20260729-172449-485.tifxyz,band-seed11662365-20260729-170007-052.tifxyz
band-seed1212659-20260729-222757-962.tifxyz,band-seed17645207-20260729-173404-749.tifxyz
band-seed11886292-20260729-162220-149.tifxyz,band-seed2461492-20260729-180535-224.tifxyz
band-seed17728905-20260729-214728-156.tifxyz,band-seed3352513-20260729-170537-768.tifxyz
band-seed3889625-20260729-174511-689.tifxyz,band-seed4174031-20260729-182817-942.tifxyz
band-seed16311320-20260729-222904-501.tifxyz,band-seed5847954-20260729-162007-448.tifxyz
band-seed10275870-20260729-165840-408.tifxyz,band-seed3193773-20260729-164219-954.tifxyz
band-seed1044504-20260729-174505-103.tifxyz,band-seed851939-20260729-182726-981.tifxyz
band-seed16075782-20260729-171041-192.tifxyz,band-seed16491289-20260729-181940-788.tifxyz
band-seed2097244-20260729-210920-590.tifxyz,band-seed2279178-20260729-180526-846.tifxyz
band-seed11230963-20260729-170622-942.tifxyz,band-seed16445257-20260729-172126-073.tifxyz
band-seed3095004-20260729-231935-276.tifxyz,band-seed3409371-20260729-171056-402.tifxyz
band-seed14837314-20260729-164628-421.tifxyz,band-seed2812815-20260729-184330-567.tifxyz
band-seed1762235-20260729-161100-508.tifxyz,band-seed2362946-20260729-165604-158.tifxyz
band-seed3297388-20260729-181700-308.tifxyz,band-seed3513704-20260729-164435-074.tifxyz
band-seed3445891-20260730-002611-691.tifxyz,band-seed9185712-20260729-182749-120.tifxyz
band-seed812778-20260729-234022-182.tifxyz,band-seed838446-20260729-235809-487.tifxyz
band-seed10945096-20260729-171144-015.tifxyz,band-seed4874396-20260729-160418-148.tifxyz
band-seed2752244-20260729-172751-752.tifxyz,band-seed2869574-20260729-224300-596.tifxyz
band-seed10856802-20260729-204122-406.tifxyz,band-seed1656219-20260729-214031-607.tifxyz
band-seed496310-20260729-223616-996.tifxyz,band-seed822730-20260729-183102-522.tifxyz
band-seed18532645-20260729-162718-695.tifxyz,band-seed4160536-20260729-173418-000.tifxyz
band-seed17025883-20260729-235110-593.tifxyz,band-seed1880485-20260729-223504-529.tifxyz
band-seed11060874-20260729-172541-368.tifxyz,band-seed3844024-20260729-221625-050.tifxyz
band-seed16374708-20260730-001227-307.tifxyz,band-seed9714577-20260729-193100-697.tifxyz
band-seed10809043-20260730-002129-660.tifxyz,band-seed3915755-20260730-003909-286.tifxyz
band-seed17639796-20260729-180752-501.tifxyz,band-seed3619099-20260729-173843-633.tifxyz
band-seed4115602-20260729-192356-790.tifxyz,band-seed4117335-20260729-162715-141.tifxyz
band-seed3895419-20260729-224622-982.tifxyz,band-seed4180505-20260729-230916-606.tifxyz
band-seed1782686-20260729-171334-537.tifxyz,band-seed18279070-20260729-170948-102.tifxyz
band-seed14143005-20260729-195144-171.tifxyz,band-seed14143211-20260730-002934-897.tifxyz
band-seed10531175-20260729-180852-183.tifxyz,band-seed10809281-20260729-183430-400.tifxyz
band-seed12492959-20260729-173358-181.tifxyz,band-seed1632356-20260729-223521-471.tifxyz
band-seed17009198-20260729-182013-967.tifxyz,band-seed17872594-20260729-170356-447.tifxyz
band-seed3990136-20260729-163103-533.tifxyz,band-seed4108804-20260729-162657-720.tifxyz
band-seed16266880-20260729-162057-582.tifxyz,band-seed3029387-20260729-171248-308.tifxyz
band-seed18500752-20260729-174227-457.tifxyz,band-seed18689204-20260729-185819-733.tifxyz
band-seed2795189-20260729-171021-426.tifxyz,band-seed3047292-20260729-170703-094.tifxyz
band-seed11283414-20260729-172449-485.tifxyz,band-seed18312360-20260729-161042-029.tifxyz
band-seed6567420-20260729-170807-254.tifxyz,band-seed7195509-20260729-164144-394.tifxyz
band-seed12748374-20260729-173134-444.tifxyz,band-seed678773-20260729-231655-393.tifxyz
band-seed3322884-20260729-204311-666.tifxyz,band-seed3825110-20260729-163325-219.tifxyz
band-seed11355159-20260729-170541-774.tifxyz,band-seed11474915-20260729-172221-806.tifxyz
band-seed14836036-20260729-232427-111.tifxyz,band-seed7072057-20260729-171426-477.tifxyz
band-seed15386898-20260729-225954-472.tifxyz,band-seed1565408-20260730-001057-886.tifxyz
band-seed16158060-20260729-185137-335.tifxyz,band-seed660107-20260729-184058-417.tifxyz
band-seed585133-20260729-161728-760.tifxyz,band-seed790447-20260729-183755-543.tifxyz
band-seed12263436-20260729-235152-471.tifxyz,band-seed19395081-20260729-234547-585.tifxyz
band-seed17026059-20260729-163409-399.tifxyz,band-seed17224695-20260729-163336-100.tifxyz
band-seed12730700-20260729-215110-931.tifxyz,band-seed2061949-20260729-160401-644.tifxyz
band-seed15433815-20260729-165143-635.tifxyz,band-seed7570998-20260729-164643-750.tifxyz
band-seed3350524-20260729-170243-421.tifxyz,band-seed3414951-20260729-161929-512.tifxyz
band-seed10991757-20260729-220426-334.tifxyz,band-seed18398549-20260729-160257-571.tifxyz
band-seed12681683-20260729-220852-792.tifxyz,band-seed2003634-20260729-235420-226.tifxyz
band-seed16862764-20260729-222719-858.tifxyz,band-seed3838439-20260729-181315-717.tifxyz
band-seed6074558-20260729-172452-780.tifxyz,band-seed6825065-20260729-232140-412.tifxyz
band-seed18546761-20260729-161832-800.tifxyz,band-seed9243880-20260729-204844-589.tifxyz
band-seed1467050-20260729-162849-246.tifxyz,band-seed1630087-20260729-233435-192.tifxyz
band-seed14865259-20260729-161402-651.tifxyz,band-seed6391460-20260729-232306-483.tifxyz
band-seed1213936-20260729-165653-379.tifxyz,band-seed1773143-20260729-181510-541.tifxyz
band-seed3543588-20260729-221756-717.tifxyz,band-seed9315876-20260729-181947-147.tifxyz
band-seed3858987-20260729-224231-678.tifxyz,band-seed9217998-20260729-162233-105.tifxyz
band-seed13494895-20260729-224529-962.tifxyz,band-seed14060306-20260729-175655-690.tifxyz
band-seed15011694-20260729-160631-416.tifxyz,band-seed15536807-20260730-003818-080.tifxyz
band-seed16159792-20260729-181702-222.tifxyz,band-seed3372083-20260729-162334-019.tifxyz
band-seed8339727-20260729-185037-123.tifxyz,band-seed8482165-20260729-170559-224.tifxyz
band-seed10945916-20260729-185057-715.tifxyz,band-seed2187496-20260729-174830-923.tifxyz
band-seed15090618-20260729-200625-974.tifxyz,band-seed2768971-20260729-230601-572.tifxyz
band-seed1873449-20260729-203020-330.tifxyz,band-seed19123357-20260729-181847-628.tifxyz
band-seed14138120-20260730-001853-783.tifxyz,band-seed18640322-20260729-182200-683.tifxyz
band-seed139805-20260729-221839-340.tifxyz,band-seed384586-20260729-175802-093.tifxyz
band-seed3755587-20260729-173315-955.tifxyz,band-seed4238397-20260729-175745-690.tifxyz
band-seed11313739-20260729-174753-790.tifxyz,band-seed18083669-20260729-230647-755.tifxyz
band-seed2703079-20260729-180831-993.tifxyz,band-seed2745014-20260729-195347-278.tifxyz
band-seed17011866-20260729-204835-209.tifxyz,band-seed2595547-20260729-172044-971.tifxyz
band-seed1149795-20260729-200339-575.tifxyz,band-seed17045601-20260730-001633-882.tifxyz
band-seed11482845-20260729-233615-041.tifxyz,band-seed4108804-20260729-162657-720.tifxyz
band-seed1466333-20260729-180824-756.tifxyz,band-seed17326241-20260729-164359-253.tifxyz
band-seed14132860-20260730-003432-922.tifxyz,band-seed689762-20260729-173955-060.tifxyz
band-seed3489999-20260729-231643-175.tifxyz,band-seed3724320-20260729-223739-510.tifxyz
band-seed2855944-20260729-170232-711.tifxyz,band-seed2947020-20260729-170712-937.tifxyz
band-seed2739596-20260729-234939-443.tifxyz,band-seed3348263-20260729-180229-247.tifxyz
band-seed15791610-20260729-162943-338.tifxyz,band-seed18094155-20260729-223246-685.tifxyz
band-seed10495907-20260729-213804-810.tifxyz,band-seed11465534-20260729-165236-792.tifxyz
band-seed2856543-20260729-160225-160.tifxyz,band-seed3085544-20260729-212307-586.tifxyz
band-seed12166983-20260729-212958-810.tifxyz,band-seed3866322-20260729-182231-824.tifxyz
band-seed16389440-20260729-224158-369.tifxyz,band-seed4068504-20260729-182929-640.tifxyz
band-seed10840094-20260729-180328-163.tifxyz,band-seed11521147-20260729-164643-365.tifxyz
band-seed16512106-20260729-180507-958.tifxyz,band-seed9239418-20260729-223036-075.tifxyz
band-seed18804429-20260729-170824-474.tifxyz,band-seed4142047-20260729-160156-545.tifxyz
band-seed12434009-20260729-223204-749.tifxyz,band-seed346251-20260729-200440-384.tifxyz
band-seed15614060-20260729-183532-737.tifxyz,band-seed16410150-20260729-160844-935.tifxyz
band-seed15785675-20260730-002626-001.tifxyz,band-seed6445568-20260729-230154-450.tifxyz
band-seed16086592-20260730-003450-754.tifxyz,band-seed3317403-20260729-174411-684.tifxyz
band-seed7109341-20260729-234510-371.tifxyz,band-seed7610833-20260729-232444-744.tifxyz
band-seed12614298-20260730-003736-026.tifxyz,band-seed619130-20260729-224537-975.tifxyz
band-seed3619873-20260729-182917-527.tifxyz,band-seed3787495-20260729-160510-104.tifxyz
band-seed1719744-20260729-233239-567.tifxyz,band-seed2015020-20260729-195810-874.tifxyz
band-seed6133659-20260729-205951-129.tifxyz,band-seed6282010-20260729-191144-940.tifxyz
band-seed12456748-20260729-165127-958.tifxyz,band-seed18999287-20260729-165007-052.tifxyz
band-seed3344848-20260729-171313-988.tifxyz,band-seed3663979-20260729-163807-581.tifxyz
band-seed12678516-20260729-171343-607.tifxyz,band-seed18772507-20260729-171434-283.tifxyz
band-seed3321535-20260729-172026-371.tifxyz,band-seed3477969-20260729-222836-052.tifxyz
band-seed15676641-20260729-175951-126.tifxyz,band-seed3679389-20260729-173600-682.tifxyz
band-seed13888854-20260729-171405-202.tifxyz,band-seed2292102-20260729-200733-396.tifxyz
band-seed3463074-20260729-164828-194.tifxyz,band-seed3750554-20260729-172810-392.tifxyz
band-seed7962907-20260729-184436-522.tifxyz,band-seed7976243-20260729-223920-496.tifxyz
band-seed2170687-20260729-205655-805.tifxyz,band-seed2265052-20260729-170510-684.tifxyz
band-seed17963590-20260729-222405-597.tifxyz,band-seed3971708-20260729-163029-119.tifxyz
band-seed17326344-20260729-214642-630.tifxyz,band-seed3738499-20260729-172054-508.tifxyz
band-seed15284620-20260729-164137-327.tifxyz,band-seed2302614-20260729-160748-920.tifxyz
band-seed14376862-20260729-232315-405.tifxyz,band-seed1969732-20260729-182313-482.tifxyz
band-seed1707277-20260729-164839-348.tifxyz,band-seed1925014-20260729-234527-811.tifxyz
band-seed16086592-20260730-003450-754.tifxyz,band-seed8805785-20260729-230915-951.tifxyz
band-seed10409288-20260729-182902-997.tifxyz,band-seed1872208-20260729-175312-829.tifxyz
band-seed19383726-20260729-174540-915.tifxyz,band-seed2340919-20260729-172219-892.tifxyz
band-seed16013568-20260729-221227-637.tifxyz,band-seed9809064-20260729-200231-565.tifxyz
band-seed17623961-20260729-181726-148.tifxyz,band-seed2770682-20260730-000307-398.tifxyz
band-seed15239397-20260729-185216-880.tifxyz,band-seed5626552-20260729-160047-673.tifxyz
band-seed11977650-20260729-235232-469.tifxyz,band-seed6769227-20260729-162236-569.tifxyz
band-seed1032051-20260729-174340-384.tifxyz,band-seed13289205-20260729-225316-148.tifxyz
band-seed13826050-20260730-003246-794.tifxyz,band-seed14257721-20260729-203127-527.tifxyz
band-seed3204027-20260729-160638-590.tifxyz,band-seed3420247-20260730-002143-691.tifxyz
band-seed11803094-20260729-164048-578.tifxyz,band-seed4121583-20260729-172121-545.tifxyz
band-seed10859587-20260729-152750-447.tifxyz,band-seed11544559-20260729-230423-044.tifxyz
band-seed17806670-20260729-183650-108.tifxyz,band-seed3308260-20260729-180545-493.tifxyz
band-seed14077855-20260729-172644-485.tifxyz,band-seed2081302-20260730-000435-038.tifxyz
band-seed15575655-20260729-173745-648.tifxyz,band-seed784505-20260729-232235-738.tifxyz
band-seed11004511-20260730-001237-662.tifxyz,band-seed2922217-20260729-161750-437.tifxyz
band-seed17868199-20260729-170817-007.tifxyz,band-seed1805699-20260729-192522-577.tifxyz
band-seed17342090-20260729-162618-803.tifxyz,band-seed19033858-20260729-194221-551.tifxyz
band-seed2949402-20260729-164813-515.tifxyz,band-seed3296159-20260729-163202-218.tifxyz
band-seed3347065-20260730-001039-318.tifxyz,band-seed3646109-20260729-182329-074.tifxyz
band-seed3051917-20260729-182412-197.tifxyz,band-seed9052328-20260729-231826-755.tifxyz
band-seed1176884-20260729-194044-724.tifxyz,band-seed1269329-20260729-194945-355.tifxyz
band-seed18023994-20260729-160728-436.tifxyz,band-seed18233507-20260729-194329-816.tifxyz
band-seed18189484-20260729-180324-666.tifxyz,band-seed3403522-20260730-000912-462.tifxyz
band-seed16997844-20260729-235819-578.tifxyz,band-seed4799596-20260729-223608-237.tifxyz
band-seed3947843-20260729-222313-647.tifxyz,band-seed4046712-20260729-225828-912.tifxyz
band-seed583149-20260729-170403-013.tifxyz,band-seed698450-20260729-164633-956.tifxyz
band-seed17542126-20260729-171045-057.tifxyz,band-seed3539403-20260729-184212-032.tifxyz
band-seed10679416-20260729-225525-557.tifxyz,band-seed17003498-20260729-222736-978.tifxyz
band-seed18579864-20260729-202332-783.tifxyz,band-seed19077303-20260729-195240-640.tifxyz
band-seed3863738-20260729-224406-283.tifxyz,band-seed3930349-20260729-184344-545.tifxyz
band-seed16513015-20260729-231248-367.tifxyz,band-seed18453995-20260730-002652-843.tifxyz
band-seed15207452-20260729-175525-400.tifxyz,band-seed1544824-20260729-180454-960.tifxyz
band-seed17300623-20260729-174446-009.tifxyz,band-seed3087307-20260729-172328-843.tifxyz
band-seed15174979-20260729-182024-221.tifxyz,band-seed16415224-20260729-181607-318.tifxyz
band-seed19019379-20260729-163609-781.tifxyz,band-seed2656637-20260729-161722-775.tifxyz
band-seed11004608-20260729-163845-497.tifxyz,band-seed11906596-20260729-163917-950.tifxyz
band-seed11773890-20260729-170034-795.tifxyz,band-seed3184756-20260730-002919-745.tifxyz
band-seed10466291-20260729-165555-270.tifxyz,band-seed10538993-20260729-152712-447.tifxyz
band-seed3371573-20260729-180125-739.tifxyz,band-seed3596448-20260729-163619-822.tifxyz
band-seed16597901-20260729-164848-921.tifxyz,band-seed938859-20260729-205152-139.tifxyz
